{
    "avg_prec": 0.5802337352122717,
    "roc_auc": 0.6861417910447761
}