{"Train accuracy": [69.54397394136808], "Test accuracy": [64.93506493506493]}